workload,algorithm,final_loss,final_edp,final_latency,final_energy,final_area
resnet18.onnx,FA-DOSA,57370.5859375,349430016376832.0,1868530.75,187007904.0,0.00279999990016222
resnet18.onnx,Random Search,99999.0,99999.0,999.0,999.0,99.0
resnet18.onnx,Two-Step Baseline,351148942819328.0,349610639884288.0,1869526.5,187004912.0,0.004399999976158142
resnet18.onnx,FA-DOSA,58041.48046875,503142198280192.0,2196263.0,229090144.0,0.00279999990016222
resnet18.onnx,Random Search,99999.0,99999.0,999.0,999.0,99.0
resnet18.onnx,Two-Step Baseline,526997184839680.0,524688539254784.0,2290352.0,229086416.0,0.004399999976158142
resnet18.onnx,FA-DOSA,55862.765625,504292142219264.0,2201271.75,229091264.0,0.00279999990016222
resnet18.onnx,Random Search,99999.0,99999.0,999.0,999.0,99.0
resnet18.onnx,Two-Step Baseline,526779651457024.0,524680922398720.0,2290352.0,229083088.0,0.003999999724328518
